Fecha,Hora,Temp Ext (°C),Temp Máx,Temp Mín,Humedad Ext (%),Punto Rocío,Vel Vent,Dir Vent,Ráfaga Vent,Vel Máx,Dir Máx,Sens Term Wind,Índice Calor,THW,THSW,Presión (hPa),Lluvia (mm),Int Lluvia,Rad Solar,Energía Solar,Rad Solar Máx,UV,Dosis UV,UV Máx,Grados Día C,Grados Día F,Temp Int,Humedad Int,ET,Muestras Vent,Tx Vent,Recepción ISS,Intervalo Arc
3/10/26,0:30,18.4,18.4,18.1,86,16.1,0.0,SW,0.00,4.8,WSW,18.4,18.9,18.9,---,1004.3,0.00,0.0,---,---,---,---,---,---,0.000,0.002,24.0,63,0.00,640,5,100.0,30
3/10/26,1:00,18.7,18.7,18.4,85,16.1,1.6,SW,0.80,8.0,WSW,18.7,19.1,19.1,---,1003.8,0.00,0.0,---,---,---,---,---,---,0.000,0.007,24.0,63,0.00,640,5,100.0,30
3/10/26,1:30,18.5,18.7,18.5,85,15.9,0.0,SW,0.00,4.8,WSW,18.5,18.9,18.9,---,1003.8,0.00,0.0,---,---,---,---,---,---,0.000,0.003,23.9,63,0.00,640,5,100.0,30
3/10/26,2:00,18.1,18.4,18.1,86,15.7,0.0,---,0.00,0.0,---,18.1,18.5,18.5,---,1002.5,0.00,0.0,---,---,---,---,---,---,0.005,0.000,23.9,63,0.00,640,5,100.0,30
3/10/26,2:30,17.7,18.1,17.7,87,15.5,0.0,WSW,0.00,1.6,WSW,17.7,18.1,18.1,---,1002.7,0.00,0.0,---,---,---,---,---,---,0.013,0.000,23.8,63,0.00,640,5,100.0,30
3/10/26,3:00,17.7,17.7,17.6,88,15.7,0.0,---,0.00,0.0,---,17.7,18.1,18.1,---,1002.4,0.00,0.0,---,---,---,---,---,---,0.014,0.000,23.8,63,0.00,640,5,100.0,30
3/10/26,3:30,18.1,18.1,17.7,86,15.7,0.0,WSW,0.00,1.6,W,18.1,18.5,18.5,---,1002.0,0.00,0.0,---,---,---,---,---,---,0.005,0.000,23.8,63,0.00,640,5,100.0,30
3/10/26,4:00,17.8,18.1,17.8,87,15.6,0.0,---,0.00,0.0,---,17.8,18.2,18.2,---,1001.7,0.00,0.0,---,---,---,---,---,---,0.012,0.000,23.8,63,0.00,640,5,100.0,30
3/10/26,4:30,16.9,17.9,16.9,88,14.9,0.0,---,0.00,0.0,---,16.9,17.2,17.2,---,1001.4,0.00,0.0,---,---,---,---,---,---,0.029,0.000,23.7,63,0.00,640,5,100.0,30
3/10/26,5:00,16.0,16.9,16.0,90,14.4,0.0,---,0.00,0.0,---,16.0,16.2,16.2,---,1001.7,0.00,0.0,---,---,---,---,---,---,0.049,0.000,23.7,63,0.00,640,5,100.0,30
3/10/26,5:30,15.7,16.1,15.7,91,14.2,0.0,---,0.00,0.0,---,15.7,15.9,15.9,---,1001.6,0.00,0.0,---,---,---,---,---,---,0.056,0.000,23.6,63,0.00,640,5,100.0,30
3/10/26,6:00,15.4,15.7,15.4,92,14.2,0.0,WNW,0.00,3.2,WNW,15.4,15.7,15.7,---,1001.7,0.00,0.0,---,---,---,---,---,---,0.060,0.000,23.6,63,0.00,640,5,100.0,30
3/10/26,6:30,15.2,15.4,15.2,92,13.9,0.0,---,0.00,0.0,---,15.2,15.4,15.4,---,1001.9,0.00,0.0,---,---,---,---,---,---,0.065,0.000,23.6,63,0.00,640,5,100.0,30
3/10/26,7:00,14.9,15.2,14.9,93,13.8,0.0,---,0.00,0.0,---,14.9,15.2,15.2,---,1002.7,0.00,0.0,---,---,---,---,---,---,0.071,0.000,23.5,63,0.00,639,5,100.0,30
3/10/26,7:30,15.9,15.9,14.9,94,15.0,0.0,WNW,0.00,1.6,W,15.9,16.3,16.3,---,1003.0,0.00,0.0,---,---,---,---,---,---,0.050,0.000,23.4,63,0.00,640,5,100.0,30
3/10/26,8:00,17.7,17.7,15.9,91,16.2,0.0,W,0.00,1.6,W,17.7,18.2,18.2,---,1003.0,0.00,0.0,---,---,---,---,---,---,0.013,0.000,23.4,63,0.00,640,5,100.0,30
3/10/26,8:30,19.6,19.6,17.8,84,16.8,0.0,---,0.00,0.0,---,19.6,20.3,20.3,---,1003.0,0.00,0.0,---,---,---,---,---,---,0.000,0.027,23.4,63,0.00,640,5,100.0,30
3/10/26,9:00,20.1,20.2,19.6,82,16.9,0.0,ESE,0.00,1.6,ESE,20.1,20.8,20.8,---,1003.3,0.00,0.0,---,---,---,---,---,---,0.000,0.037,23.4,63,0.00,640,5,100.0,30
3/10/26,9:30,19.8,20.4,19.8,81,16.5,0.0,SW,0.00,3.2,W,19.8,20.4,20.4,---,1003.2,0.00,0.0,---,---,---,---,---,---,0.000,0.031,23.4,63,0.00,640,5,100.0,30
3/10/26,10:00,20.4,20.4,19.7,81,17.0,0.0,SW,0.00,4.8,W,20.4,21.2,21.2,---,1002.7,0.00,0.0,---,---,---,---,---,---,0.000,0.043,23.4,63,0.00,640,5,100.0,30
3/10/26,10:30,23.1,23.1,20.4,74,18.2,0.0,W,0.00,6.4,SW,23.1,23.8,23.8,---,1002.1,0.00,0.0,---,---,---,---,---,---,0.000,0.100,23.4,64,0.00,639,5,100.0,30
3/10/26,11:00,26.1,26.1,23.1,65,19.0,0.0,ESE,0.00,6.4,SW,26.1,27.0,27.0,---,1001.3,0.00,0.0,---,---,---,---,---,---,0.000,0.161,23.4,64,0.00,640,5,100.0,30
3/10/26,11:30,27.1,27.2,26.1,60,18.7,0.0,WNW,0.00,4.8,WNW,27.1,28.0,28.0,---,1000.5,0.00,0.0,---,---,---,---,---,---,0.000,0.183,23.5,64,0.00,640,5,100.0,30
3/10/26,12:00,29.1,29.1,27.1,60,20.5,0.0,NE,0.00,6.4,NE,29.1,31.1,31.1,---,999.5,0.00,0.0,---,---,---,---,---,---,0.000,0.223,23.6,64,0.00,640,5,100.0,30
3/10/26,12:30,29.9,29.9,29.1,58,20.7,1.6,NE,0.80,11.3,NE,29.9,32.3,32.3,---,998.7,0.00,0.0,---,---,---,---,---,---,0.000,0.241,23.7,65,0.00,640,5,100.0,30
3/10/26,13:00,30.6,30.6,29.9,57,21.1,3.2,NE,1.61,9.7,NE,30.6,33.4,33.4,---,997.6,0.00,0.0,---,---,---,---,---,---,0.000,0.255,23.8,67,0.00,640,5,100.0,30
3/10/26,13:30,31.3,31.3,30.4,54,20.9,3.2,NE,1.61,12.9,NE,31.3,34.2,34.2,---,996.7,0.00,0.0,---,---,---,---,---,---,0.000,0.271,23.9,67,0.00,640,5,100.0,30
3/10/26,14:00,30.8,31.4,30.8,54,20.4,6.4,ENE,3.22,17.7,NE,30.8,33.3,33.3,---,996.1,0.00,0.0,---,---,---,---,---,---,0.000,0.260,24.1,69,0.00,640,5,100.0,30
3/10/26,14:30,31.7,31.7,30.9,53,21.0,4.8,ENE,2.41,14.5,NE,31.7,34.7,34.7,---,996.3,0.00,0.0,---,---,---,---,---,---,0.000,0.279,24.2,68,0.00,640,5,100.0,30
3/10/26,15:00,31.7,32.2,31.7,51,20.3,3.2,ENE,1.61,12.9,NE,31.7,34.1,34.1,---,995.9,0.00,0.0,---,---,---,---,---,---,0.000,0.278,24.3,68,0.00,640,5,100.0,30
3/10/26,15:30,32.4,32.4,31.7,49,20.4,3.2,NE,1.61,12.9,ENE,32.4,35.1,35.1,---,995.9,0.00,0.0,---,---,---,---,---,---,0.000,0.294,24.4,68,0.00,639,5,100.0,30
3/10/26,16:00,32.9,33.1,32.4,47,20.1,1.6,NE,0.80,12.9,NE,32.9,35.5,35.5,---,996.0,0.00,0.0,---,---,---,---,---,---,0.000,0.304,24.6,68,0.00,640,5,100.0,30
3/10/26,16:30,32.6,32.9,32.5,46,19.5,1.6,NE,0.80,9.7,NE,32.6,34.6,34.6,---,996.0,0.00,0.0,---,---,---,---,---,---,0.000,0.297,24.7,67,0.00,640,5,100.0,30
3/10/26,17:00,32.2,32.7,32.2,48,19.8,1.6,NE,0.80,9.7,NE,32.2,34.3,34.3,---,996.2,0.00,0.0,---,---,---,---,---,---,0.000,0.288,24.9,67,0.00,640,5,100.0,30
3/10/26,17:30,32.1,32.2,32.1,49,20.1,1.6,NE,0.80,8.0,NE,32.1,34.4,34.4,---,996.7,0.00,0.0,---,---,---,---,---,---,0.000,0.287,25.0,67,0.00,640,5,100.0,30
3/10/26,18:00,31.9,32.2,31.9,47,19.2,0.0,NE,0.00,4.8,ENE,31.9,33.6,33.6,---,997.0,0.00,0.0,---,---,---,---,---,---,0.000,0.282,25.1,66,0.00,640,5,100.0,30
3/10/26,18:30,31.2,31.9,31.2,51,19.8,0.0,N,0.00,1.6,N,31.2,33.2,33.2,---,998.0,0.00,0.0,---,---,---,---,---,---,0.000,0.267,25.2,66,0.00,640,5,100.0,30
3/10/26,19:00,29.4,31.2,29.4,60,20.8,0.0,WNW,0.00,1.6,WNW,29.4,31.7,31.7,---,998.6,0.00,0.0,---,---,---,---,---,---,0.000,0.230,25.2,66,0.00,640,5,100.0,30
3/10/26,19:30,27.4,29.4,27.4,65,20.2,0.0,NNW,0.00,3.2,NNW,27.4,29.0,29.0,---,998.4,0.00,0.0,---,---,---,---,---,---,0.000,0.189,25.2,66,0.00,640,5,100.0,30
3/10/26,20:00,26.5,27.4,26.5,66,19.6,0.0,WNW,0.00,3.2,WNW,26.5,27.7,27.7,---,999.3,0.00,0.0,---,---,---,---,---,---,0.000,0.170,25.3,66,0.00,640,5,100.0,30
3/10/26,20:30,26.4,26.6,26.2,65,19.3,0.0,NNW,0.00,1.6,WNW,26.4,27.6,27.6,---,1000.0,0.00,0.0,---,---,---,---,---,---,0.000,0.169,25.4,65,0.00,639,5,100.0,30
3/10/26,21:00,25.8,26.5,25.8,66,19.0,0.0,WNW,0.00,6.4,WNW,25.8,26.8,26.8,---,1000.8,0.00,0.0,---,---,---,---,---,---,0.000,0.156,25.5,65,0.00,639,5,100.0,30
3/10/26,21:30,25.1,25.8,25.1,70,19.3,0.0,SW,0.00,1.6,SW,25.1,26.1,26.1,---,1001.6,0.00,0.0,---,---,---,---,---,---,0.000,0.141,25.6,65,0.00,639,5,100.0,30
3/10/26,22:00,23.4,25.1,23.4,74,18.5,0.0,WNW,0.00,3.2,WNW,23.4,24.3,24.3,---,1001.6,0.00,0.0,---,---,---,---,---,---,0.000,0.106,25.6,64,0.00,640,5,100.0,30
3/10/26,22:30,22.7,23.4,22.7,76,18.2,0.0,WNW,0.00,1.6,WNW,22.7,23.4,23.4,---,1001.5,0.00,0.0,---,---,---,---,---,---,0.000,0.090,25.7,64,0.00,640,5,100.0,30
3/10/26,23:00,22.5,22.8,22.4,77,18.3,0.0,N,0.00,3.2,N,22.5,23.3,23.3,---,1002.1,0.00,0.0,---,---,---,---,---,---,0.000,0.087,25.7,64,0.00,640,5,100.0,30
3/10/26,23:30,21.5,22.5,21.5,79,17.7,0.0,WNW,0.00,1.6,WNW,21.5,22.2,22.2,---,1001.9,0.00,0.0,---,---,---,---,---,---,0.000,0.066,25.7,64,0.00,640,5,100.0,30
4/10/26,00:00,22.6,22.6,21.4,67,16.2,0.0,WSW,0.00,3.2,WSW,22.6,22.9,22.9,---,1001.9,0.00,0.0,---,---,---,---,---,---,0.000,0.089,25.8,64,0.00,639,5,100.0,30
4/10/26,0:30,22.7,22.8,22.5,67,16.3,1.6,WNW,0.80,6.4,WNW,22.7,23.1,23.1,---,1002.3,0.00,0.0,---,---,---,---,---,---,0.000,0.091,25.8,63,0.00,638,5,100.0,30
4/10/26,1:00,21.8,22.7,21.8,71,16.3,0.0,WNW,0.00,3.2,W,21.8,22.1,22.1,---,1002.4,0.00,0.0,---,---,---,---,---,---,0.000,0.072,25.8,63,0.00,640,5,100.0,30
4/10/26,1:30,20.3,21.8,20.3,79,16.5,0.0,WNW,0.00,1.6,WNW,20.3,20.9,20.9,---,1002.5,0.00,0.0,---,---,---,---,---,---,0.000,0.041,25.8,63,0.00,640,5,100.0,30
4/10/26,2:00,19.3,20.3,19.3,83,16.3,0.0,W,0.00,3.2,W,19.3,19.8,19.8,---,1002.5,0.00,0.0,---,---,---,---,---,---,0.000,0.020,25.8,63,0.00,639,5,100.0,30
4/10/26,2:30,20.1,20.2,19.2,76,15.7,0.0,ESE,0.00,8.0,ESE,20.1,20.5,20.5,---,1003.4,0.00,0.0,---,---,---,---,---,---,0.000,0.036,25.8,62,0.00,639,5,100.0,30
4/10/26,3:00,18.7,20.1,18.7,82,15.6,0.0,N,0.00,3.2,N,18.7,19.2,19.2,---,1003.4,0.00,0.0,---,---,---,---,---,---,0.000,0.008,25.8,62,0.00,639,5,100.0,30
4/10/26,3:30,18.7,18.7,18.6,82,15.6,0.0,NNW,0.00,3.2,NNW,18.7,19.2,19.2,---,1003.3,0.00,0.0,---,---,---,---,---,---,0.000,0.008,25.7,62,0.00,639,5,100.0,30
4/10/26,4:00,19.3,19.3,18.7,80,15.7,0.0,WNW,0.00,4.8,WNW,19.3,19.8,19.8,---,1003.2,0.00,0.0,---,---,---,---,---,---,0.000,0.020,25.7,61,0.00,640,5,100.0,30
4/10/26,4:30,19.8,19.9,19.3,79,16.0,0.0,NNW,0.00,3.2,NNW,19.8,20.3,20.3,---,1003.3,0.00,0.0,---,---,---,---,---,---,0.000,0.030,25.7,61,0.00,640,5,100.0,30
4/10/26,5:00,19.1,19.8,19.1,81,15.7,0.0,N,0.00,3.2,ENE,19.1,19.6,19.6,---,1003.5,0.00,0.0,---,---,---,---,---,---,0.000,0.015,25.7,61,0.00,639,5,100.0,30
4/10/26,5:30,18.9,19.1,18.7,83,15.9,0.0,N,0.00,4.8,NE,18.9,19.4,19.4,---,1004.1,0.00,0.0,---,---,---,---,---,---,0.000,0.012,25.6,61,0.00,640,5,100.0,30
4/10/26,6:00,18.9,18.9,18.7,81,15.6,0.0,N,0.00,3.2,N,18.9,19.4,19.4,---,1004.5,0.00,0.0,---,---,---,---,---,---,0.000,0.013,25.6,61,0.00,640,5,100.0,30
4/10/26,6:30,18.6,18.9,18.5,82,15.5,0.0,---,0.00,0.0,---,18.6,19.0,19.0,---,1004.8,0.00,0.0,---,---,---,---,---,---,0.000,0.006,25.5,61,0.00,640,5,100.0,30
4/10/26,7:00,18.9,18.9,18.6,82,15.8,0.0,N,0.00,3.2,N,18.9,19.4,19.4,---,1005.4,0.00,0.0,---,---,---,---,---,---,0.000,0.013,25.4,61,0.00,640,5,100.0,30
4/10/26,7:30,19.5,19.5,18.9,81,16.2,0.0,N,0.00,3.2,N,19.5,20.1,20.1,---,1006.0,0.00,0.0,---,---,---,---,---,---,0.000,0.024,25.4,61,0.00,640,5,100.0,30
4/10/26,8:00,20.6,20.6,19.5,77,16.4,0.0,N,0.00,4.8,N,20.6,21.2,21.2,---,1006.5,0.00,0.0,---,---,---,---,---,---,0.000,0.046,25.4,61,0.00,640,5,100.0,30
4/10/26,8:30,21.3,21.3,20.6,74,16.5,0.0,N,0.00,6.4,N,21.3,21.7,21.7,---,1007.3,0.00,0.0,---,---,---,---,---,---,0.000,0.063,25.3,61,0.00,640,5,100.0,30
4/10/26,9:00,21.8,21.8,21.3,73,16.8,0.0,N,0.00,3.2,NNE,21.8,22.3,22.3,---,1008.3,0.00,0.0,---,---,---,---,---,---,0.000,0.073,25.3,62,0.00,640,5,100.0,30
4/10/26,9:30,22.0,22.0,21.6,74,17.2,0.0,---,0.00,0.0,---,22.0,22.5,22.5,---,1008.6,0.00,0.0,---,---,---,---,---,---,0.000,0.076,25.3,62,0.00,640,5,100.0,30
4/10/26,10:00,24.1,24.1,22.0,66,17.4,0.0,SW,0.00,3.2,SW,24.1,24.6,24.6,---,1008.5,0.00,0.0,---,---,---,---,---,---,0.000,0.120,25.3,62,0.00,638,5,100.0,30
4/10/26,10:30,25.7,25.7,24.1,61,17.6,0.0,SW,0.00,4.8,WSW,25.7,26.2,26.2,---,1008.3,0.00,0.0,---,---,---,---,---,---,0.000,0.154,25.3,62,0.00,639,5,100.0,30
4/10/26,11:00,27.8,27.8,25.8,53,17.4,0.0,ESE,0.00,6.4,ESE,27.8,28.4,28.4,---,1007.8,0.00,0.0,---,---,---,---,---,---,0.000,0.198,25.4,62,0.00,639,5,100.0,30
4/10/26,11:30,28.9,29.0,27.8,38,13.2,0.0,NE,0.00,6.4,NE,28.9,28.3,28.3,---,1007.5,0.00,0.0,---,---,---,---,---,---,0.000,0.221,25.4,62,0.00,640,5,100.0,30
4/10/26,12:00,29.0,29.3,28.8,39,13.6,1.6,SW,0.80,8.0,ENE,29.0,28.4,28.4,---,1006.9,0.00,0.0,---,---,---,---,---,---,0.000,0.222,25.5,61,0.00,640,5,100.0,30
4/10/26,12:30,30.6,30.6,29.0,39,15.0,0.0,SW,0.00,8.0,WSW,30.6,30.3,30.3,---,1006.4,0.00,0.0,---,---,---,---,---,---,0.000,0.255,25.6,61,0.00,640,5,100.0,30
4/10/26,13:00,30.8,31.1,30.1,35,13.6,1.6,ESE,0.80,6.4,S,30.8,30.2,30.2,---,1005.9,0.00,0.0,---,---,---,---,---,---,0.000,0.260,25.6,61,0.00,640,5,100.0,30
4/10/26,13:30,30.4,31.1,30.4,38,14.5,1.6,ESE,0.80,9.7,ESE,30.4,30.1,30.1,---,1005.0,0.00,0.0,---,---,---,---,---,---,0.000,0.252,25.7,61,0.00,640,5,100.0,30
4/10/26,14:00,30.8,30.9,29.9,39,15.3,1.6,ESE,0.80,9.7,SSE,30.8,30.7,30.7,---,1004.4,0.00,0.0,---,---,---,---,---,---,0.000,0.260,25.8,61,0.00,640,5,100.0,30
4/10/26,14:30,29.9,31.1,29.9,37,13.7,1.6,ESE,0.80,9.7,NE,29.9,29.3,29.3,---,1003.8,0.00,0.0,---,---,---,---,---,---,0.000,0.242,25.8,61,0.00,639,5,100.0,30
4/10/26,15:00,30.6,30.7,29.9,37,14.3,1.6,ESE,0.80,9.7,SE,30.6,30.2,30.2,---,1003.2,0.00,0.0,---,---,---,---,---,---,0.000,0.256,25.9,61,0.00,640,5,100.0,30
4/10/26,15:30,30.3,30.6,30.1,38,14.4,1.6,ESE,0.80,8.0,E,30.3,29.9,29.9,---,1002.7,0.00,0.0,---,---,---,---,---,---,0.000,0.250,25.9,61,0.00,640,5,100.0,30
4/10/26,16:00,29.7,30.3,29.7,40,14.7,1.6,ESE,0.80,9.7,ESE,29.7,29.4,29.4,---,1002.6,0.00,0.0,---,---,---,---,---,---,0.000,0.237,26.0,60,0.00,640,5,100.0,30
4/10/26,16:30,29.5,29.8,29.5,40,14.5,0.0,ESE,0.00,8.0,SE,29.5,29.1,29.1,---,1002.7,0.00,0.0,---,---,---,---,---,---,0.000,0.233,26.1,60,0.00,639,5,100.0,30
4/10/26,17:00,28.8,29.5,28.8,42,14.6,1.6,ESE,0.80,11.3,ESE,28.8,28.5,28.5,---,1002.9,0.00,0.0,---,---,---,---,---,---,0.000,0.218,26.1,60,0.00,640,5,100.0,30
4/10/26,17:30,28.2,28.8,28.2,43,14.5,1.6,ESE,0.80,9.7,ESE,28.2,27.9,27.9,---,1002.8,0.00,0.0,---,---,---,---,---,---,0.000,0.206,26.2,60,0.00,640,5,100.0,30
4/10/26,18:00,28.1,28.2,28.1,45,15.0,1.6,ESE,0.80,6.4,ESE,28.1,27.9,27.9,---,1002.6,0.00,0.0,---,---,---,---,---,---,0.000,0.203,26.2,60,0.00,640,5,100.0,30
4/10/26,18:30,27.9,28.1,27.9,44,14.5,1.6,ESE,0.80,8.0,ESE,27.9,27.7,27.7,---,1003.1,0.00,0.0,---,---,---,---,---,---,0.000,0.199,26.3,60,0.00,639,5,100.0,30
4/10/26,19:00,27.2,27.9,27.2,46,14.5,0.0,ESE,0.00,4.8,ESE,27.2,27.0,27.0,---,1003.8,0.00,0.0,---,---,---,---,---,---,0.000,0.184,26.3,59,0.00,640,5,100.0,30
4/10/26,19:30,26.5,27.1,26.5,49,14.9,0.0,ESE,0.00,1.6,E,26.5,26.5,26.5,---,1004.3,0.00,0.0,---,---,---,---,---,---,0.000,0.170,26.3,59,0.00,640,5,100.0,30
4/10/26,20:00,25.4,26.5,25.4,54,15.5,0.0,---,0.00,0.0,---,25.4,25.6,25.6,---,1005.0,0.00,0.0,---,---,---,---,---,---,0.000,0.148,26.4,59,0.00,640,5,100.0,30
4/10/26,20:30,24.7,25.4,24.7,58,15.8,0.0,SW,0.00,3.2,SW,24.7,24.9,24.9,---,1005.3,0.00,0.0,---,---,---,---,---,---,0.000,0.132,26.4,59,0.00,640,5,100.0,30
4/10/26,21:00,25.4,25.6,24.7,54,15.5,0.0,ESE,0.00,6.4,ESE,25.4,25.6,25.6,---,1005.9,0.00,0.0,---,---,---,---,---,---,0.000,0.148,26.4,59,0.00,640,5,100.0,30
4/10/26,21:30,25.3,25.4,25.2,53,15.1,0.0,NE,0.00,4.8,NE,25.3,25.4,25.4,---,1006.1,0.00,0.0,---,---,---,---,---,---,0.000,0.146,26.4,59,0.00,639,5,100.0,30
4/10/26,22:00,25.2,25.3,25.2,53,15.0,1.6,NE,0.80,8.0,NE,25.2,25.3,25.3,---,1006.7,0.00,0.0,---,---,---,---,---,---,0.000,0.144,26.5,59,0.00,640,5,100.0,30
4/10/26,22:30,24.8,25.2,24.8,52,14.3,0.0,NE,0.00,4.8,NE,24.8,24.8,24.8,---,1006.9,0.00,0.0,---,---,---,---,---,---,0.000,0.134,26.5,58,0.00,640,5,100.0,30
4/10/26,23:00,24.3,24.8,24.3,57,15.2,0.0,---,0.00,0.0,---,24.3,24.4,24.4,---,1007.3,0.00,0.0,---,---,---,---,---,---,0.000,0.124,26.5,58,0.00,640,5,100.0,30
4/10/26,23:30,23.9,24.3,23.9,58,15.2,0.0,---,0.00,0.0,---,23.9,24.1,24.1,---,1007.1,0.00,0.0,---,---,---,---,---,---,0.000,0.117,26.5,58,0.00,640,5,100.0,30
5/10/26,00:00,22.7,23.9,22.7,62,15.0,0.0,ESE,0.00,4.8,SE,22.7,22.8,22.8,---,1007.1,0.00,0.0,---,---,---,---,---,---,0.000,0.090,26.5,58,0.00,640,5,100.0,30
5/10/26,0:30,22.4,22.7,22.3,63,15.0,0.0,---,0.00,0.0,---,22.4,22.5,22.5,---,1006.8,0.00,0.0,---,---,---,---,---,---,0.000,0.084,26.5,58,0.00,640,5,100.0,30
5/10/26,1:00,21.7,22.4,21.7,71,16.2,0.0,---,0.00,0.0,---,21.7,21.9,21.9,---,1006.7,0.00,0.0,---,---,---,---,---,---,0.000,0.069,26.5,58,0.00,640,5,100.0,30
5/10/26,1:30,20.7,21.7,20.7,76,16.3,0.0,---,0.00,0.0,---,20.7,21.2,21.2,---,1006.6,0.00,0.0,---,---,---,---,---,---,0.000,0.049,26.4,58,0.00,640,5,100.0,30
5/10/26,2:00,20.1,20.7,20.1,82,16.9,0.0,NNW,0.00,3.2,NNW,20.1,20.8,20.8,---,1006.2,0.00,0.0,---,---,---,---,---,---,0.000,0.036,26.4,58,0.00,640,5,100.0,30
5/10/26,2:30,19.9,20.1,19.9,82,16.7,0.0,---,0.00,0.0,---,19.9,20.6,20.6,---,1005.7,0.00,0.0,---,---,---,---,---,---,0.000,0.032,26.4,59,0.00,639,5,100.0,30
5/10/26,3:00,19.9,20.0,19.9,82,16.8,0.0,N,0.00,3.2,N,19.9,20.6,20.6,---,1005.3,0.00,0.0,---,---,---,---,---,---,0.000,0.034,26.4,59,0.00,639,5,100.0,30
5/10/26,3:30,19.7,19.9,19.7,81,16.3,0.0,N,0.00,11.3,NE,19.7,20.3,20.3,---,1005.0,0.00,0.0,---,---,---,---,---,---,0.000,0.028,26.3,59,0.00,640,5,100.0,30
5/10/26,4:00,19.6,19.8,19.6,80,16.1,0.0,WNW,0.00,6.4,WNW,19.6,20.2,20.2,---,1004.6,0.00,0.0,---,---,---,---,---,---,0.000,0.027,26.3,59,0.00,640,5,100.0,30
5/10/26,4:30,19.2,19.6,19.2,82,16.1,0.0,---,0.00,0.0,---,19.2,19.8,19.8,---,1004.4,0.00,0.0,---,---,---,---,---,---,0.000,0.019,26.3,59,0.00,640,5,100.0,30
5/10/26,5:00,19.2,19.2,19.2,83,16.3,0.0,N,0.00,3.2,N,19.2,19.8,19.8,---,1004.8,0.00,0.0,---,---,---,---,---,---,0.000,0.019,26.2,59,0.00,640,5,100.0,30
5/10/26,5:30,19.1,19.2,19.1,84,16.3,0.0,NE,0.00,1.6,NE,19.1,19.7,19.7,---,1005.5,0.00,0.0,---,---,---,---,---,---,0.000,0.016,26.2,59,0.00,640,5,100.0,30
5/10/26,6:00,18.8,19.1,18.8,87,16.6,0.0,NE,0.00,3.2,ENE,18.8,19.3,19.3,---,1006.2,0.00,0.0,---,---,---,---,---,---,0.000,0.009,26.2,59,0.00,640,5,100.0,30
5/10/26,6:30,18.5,18.8,18.4,88,16.5,0.0,---,0.00,0.0,---,18.5,19.1,19.1,---,1007.1,0.20,0.0,---,---,---,---,---,---,0.000,0.003,26.1,59,0.00,640,5,100.0,30
5/10/26,7:00,18.1,18.5,18.1,90,16.4,0.0,WNW,0.00,1.6,WNW,18.1,18.7,18.7,---,1007.6,0.20,0.0,---,---,---,---,---,---,0.005,0.000,26.1,66,0.00,639,5,100.0,30
5/10/26,7:30,18.0,18.1,18.0,90,16.3,0.0,WNW,0.00,3.2,WNW,18.0,18.6,18.6,---,1008.0,0.00,0.0,---,---,---,---,---,---,0.007,0.000,26.1,66,0.00,640,5,100.0,30
5/10/26,8:00,18.1,18.1,18.0,89,16.2,0.0,WNW,0.00,3.2,WNW,18.1,18.6,18.6,---,1008.5,0.00,0.0,---,---,---,---,---,---,0.006,0.000,25.9,62,0.00,640,5,100.0,30
5/10/26,8:30,18.2,18.2,18.0,90,16.6,0.0,WNW,0.00,3.2,WNW,18.2,18.8,18.8,---,1008.9,0.00,0.0,---,---,---,---,---,---,0.002,0.000,25.9,57,0.00,640,5,100.0,30
5/10/26,9:00,18.9,18.9,18.2,86,16.5,0.0,WNW,0.00,1.6,WNW,18.9,19.4,19.4,---,1009.5,0.00,0.0,---,---,---,---,---,---,0.000,0.012,25.6,56,0.00,640,5,100.0,30
5/10/26,9:30,19.8,19.8,18.9,83,16.9,0.0,---,0.00,0.0,---,19.8,20.5,20.5,---,1010.0,0.00,0.0,---,---,---,---,---,---,0.000,0.031,25.4,52,0.00,640,5,100.0,30
5/10/26,10:00,20.2,20.2,19.8,81,16.9,0.0,WNW,0.00,3.2,WNW,20.2,20.9,20.9,---,1010.2,0.00,0.0,---,---,---,---,---,---,0.000,0.039,25.3,55,0.00,640,5,100.0,30
5/10/26,10:30,20.6,20.6,20.2,79,16.8,0.0,WNW,0.00,3.2,WNW,20.6,21.3,21.3,---,1010.3,0.00,0.0,---,---,---,---,---,---,0.000,0.047,25.3,54,0.00,640,5,100.0,30
5/10/26,11:00,20.9,20.9,20.6,77,16.7,0.0,WNW,0.00,3.2,WNW,20.9,21.4,21.4,---,1010.4,0.00,0.0,---,---,---,---,---,---,0.000,0.053,25.2,54,0.00,640,5,100.0,30
5/10/26,11:30,21.6,21.6,20.9,72,16.3,0.0,WNW,0.00,4.8,WNW,21.6,21.9,21.9,---,1010.4,0.00,0.0,---,---,---,---,---,---,0.000,0.067,24.7,52,0.00,639,5,100.0,30
5/10/26,12:00,22.7,22.7,21.6,71,17.2,0.0,NE,0.00,6.4,NE,22.7,23.3,23.3,---,1010.4,0.00,0.0,---,---,---,---,---,---,0.000,0.091,24.7,52,0.00,640,5,100.0,30
5/10/26,12:30,24.8,24.8,22.7,68,18.5,1.6,NE,0.80,9.7,ENE,24.8,25.5,25.5,---,1010.1,0.00,0.0,---,---,---,---,---,---,0.000,0.134,24.3,51,0.00,640,5,100.0,30
5/10/26,13:00,25.3,25.3,24.7,64,18.0,1.6,WNW,0.80,11.3,WNW,25.3,25.9,25.9,---,1009.7,0.00,0.0,---,---,---,---,---,---,0.000,0.146,24.2,50,0.00,639,5,100.0,30
5/10/26,13:30,26.7,26.7,25.3,55,16.9,0.0,WNW,0.00,6.4,WNW,26.7,27.1,27.1,---,1008.9,0.00,0.0,---,---,---,---,---,---,0.000,0.174,24.0,50,0.00,639,5,100.0,30
5/10/26,14:00,27.1,27.1,26.5,58,18.1,1.6,NE,0.80,8.0,NE,27.1,27.8,27.8,---,1008.2,0.00,0.0,---,---,---,---,---,---,0.000,0.183,24.0,51,0.00,640,5,100.0,30
5/10/26,14:30,26.3,27.2,26.3,54,16.2,1.6,NE,0.80,11.3,ENE,26.3,26.6,26.6,---,1007.8,0.00,0.0,---,---,---,---,---,---,0.000,0.166,24.0,51,0.00,640,5,100.0,30
5/10/26,15:00,25.9,26.3,25.9,58,17.0,1.6,NE,0.80,8.0,NE,25.9,26.3,26.3,---,1007.3,0.00,0.0,---,---,---,---,---,---,0.000,0.159,24.0,50,0.00,640,5,100.0,30
5/10/26,15:30,25.5,26.1,25.5,59,16.9,0.0,NE,0.00,8.0,ENE,25.5,25.8,25.8,---,1006.9,0.00,0.0,---,---,---,---,---,---,0.000,0.149,24.2,54,0.00,640,5,100.0,30
5/10/26,16:00,25.2,25.5,25.2,58,16.3,0.0,NE,0.00,8.0,NE,25.2,25.4,25.4,---,1007.0,0.00,0.0,---,---,---,---,---,---,0.000,0.142,24.7,62,0.00,640,5,100.0,30
5/10/26,16:30,24.6,25.1,24.6,62,16.8,0.0,NE,0.00,4.8,ENE,24.6,24.9,24.9,---,1006.7,0.00,0.0,---,---,---,---,---,---,0.000,0.130,24.9,61,0.00,640,5,100.0,30
5/10/26,17:00,24.4,24.6,24.4,63,16.9,0.0,---,0.00,0.0,---,24.4,24.8,24.8,---,1006.6,0.00,0.0,---,---,---,---,---,---,0.000,0.127,25.1,61,0.00,640,5,100.0,30
5/10/26,17:30,24.0,24.4,24.0,66,17.3,0.0,WNW,0.00,4.8,WNW,24.0,24.5,24.5,---,1006.8,0.00,0.0,---,---,---,---,---,---,0.000,0.118,25.2,61,0.00,640,5,100.0,30
5/10/26,18:00,23.7,24.0,23.7,68,17.5,0.0,WNW,0.00,3.2,WNW,23.7,24.3,24.3,---,1006.9,0.00,0.0,---,---,---,---,---,---,0.000,0.112,25.3,61,0.00,640,5,100.0,30
5/10/26,18:30,23.3,23.7,23.3,68,17.1,1.6,WNW,0.80,8.0,WNW,23.3,23.9,23.9,---,1006.8,0.00,0.0,---,---,---,---,---,---,0.000,0.104,25.4,60,0.00,640,5,100.0,30
5/10/26,19:00,22.6,23.3,22.6,71,17.1,0.0,WNW,0.00,6.4,WNW,22.6,23.1,23.1,---,1007.1,0.00,0.0,---,---,---,---,---,---,0.000,0.089,25.4,60,0.00,640,5,100.0,30
5/10/26,19:30,21.8,22.6,21.8,74,17.0,0.0,WNW,0.00,4.8,WNW,21.8,22.3,22.3,---,1007.8,0.00,0.0,---,---,---,---,---,---,0.000,0.073,25.5,60,0.00,640,5,100.0,30
5/10/26,20:00,21.3,21.8,21.3,76,16.9,0.0,NNW,0.00,1.6,NNW,21.3,21.8,21.8,---,1008.5,0.00,0.0,---,---,---,---,---,---,0.000,0.063,25.6,60,0.00,640,5,100.0,30
5/10/26,20:30,21.3,21.3,21.2,77,17.1,0.0,WNW,0.00,1.6,N,21.3,21.8,21.8,---,1009.0,0.00,0.0,---,---,---,---,---,---,0.000,0.061,25.6,60,0.00,640,5,100.0,30
5/10/26,21:00,21.3,21.3,21.3,76,16.9,0.0,---,0.00,0.0,---,21.3,21.8,21.8,---,1009.4,0.00,0.0,---,---,---,---,---,---,0.000,0.061,25.6,60,0.00,640,5,100.0,30
5/10/26,21:30,21.2,21.3,21.2,77,17.0,0.0,NNW,0.00,1.6,N,21.2,21.8,21.8,---,1009.8,0.00,0.0,---,---,---,---,---,---,0.000,0.060,25.6,60,0.00,640,5,100.0,30
5/10/26,22:00,21.3,21.4,21.2,76,16.9,0.0,NE,0.00,8.0,ENE,21.3,21.8,21.8,---,1010.0,0.00,0.0,---,---,---,---,---,---,0.000,0.063,25.7,60,0.00,640,5,100.0,30
5/10/26,22:30,21.1,21.3,21.1,78,17.1,0.0,---,0.00,0.0,---,21.1,21.7,21.7,---,1010.1,0.00,0.0,---,---,---,---,---,---,0.000,0.057,25.7,60,0.00,640,5,100.0,30
5/10/26,23:00,20.7,21.1,20.7,80,17.1,0.0,---,0.00,0.0,---,20.7,21.5,21.5,---,1010.1,0.00,0.0,---,---,---,---,---,---,0.000,0.050,25.7,60,0.00,640,5,100.0,30
5/10/26,23:30,20.8,20.8,20.7,78,16.9,0.0,NE,0.00,3.2,NE,20.8,21.5,21.5,---,1009.6,0.00,0.0,---,---,---,---,---,---,0.000,0.052,25.7,61,0.00,640,5,100.0,30
6/10/26,00:00,20.9,20.9,20.8,77,16.7,0.0,N,0.00,1.6,N,20.9,21.4,21.4,---,1009.4,0.00,0.0,---,---,---,---,---,---,0.000,0.053,25.7,61,0.00,640,5,100.0,30
6/10/26,0:30,21.0,21.0,20.9,76,16.6,0.0,N,0.00,3.2,NNW,21.0,21.5,21.5,---,1009.1,0.00,0.0,---,---,---,---,---,---,0.000,0.056,25.7,61,0.00,638,5,100.0,30
6/10/26,1:00,20.9,21.0,20.9,76,16.5,0.0,N,0.00,3.2,N,20.9,21.4,21.4,---,1008.8,0.00,0.0,---,---,---,---,---,---,0.000,0.053,25.7,61,0.00,640,5,100.0,30
6/10/26,1:30,20.7,20.9,20.7,78,16.7,0.0,---,0.00,0.0,---,20.7,21.4,21.4,---,1008.6,0.00,0.0,---,---,---,---,---,---,0.000,0.050,25.7,61,0.00,640,5,100.0,30
6/10/26,2:00,20.1,20.7,20.1,82,16.9,0.0,NE,0.00,4.8,NE,20.1,20.8,20.8,---,1008.4,0.00,0.0,---,---,---,---,---,---,0.000,0.037,25.7,61,0.00,640,5,100.0,30
6/10/26,2:30,19.4,20.1,19.4,85,16.9,0.0,---,0.00,0.0,---,19.4,20.1,20.1,---,1008.1,0.00,0.0,---,---,---,---,---,---,0.000,0.023,25.6,61,0.00,640,5,100.0,30
6/10/26,3:00,19.3,19.4,19.3,87,17.1,0.0,---,0.00,0.0,---,19.3,20.0,20.0,---,1007.7,0.00,0.0,---,---,---,---,---,---,0.000,0.020,25.6,61,0.00,640,5,100.0,30
6/10/26,3:30,19.0,19.3,19.0,88,17.0,0.0,---,0.00,0.0,---,19.0,19.7,19.7,---,1007.6,0.00,0.0,---,---,---,---,---,---,0.000,0.014,25.6,61,0.00,640,5,100.0,30
6/10/26,4:00,18.8,19.0,18.8,89,17.0,0.0,---,0.00,0.0,---,18.8,19.5,19.5,---,1007.6,0.00,0.0,---,---,---,---,---,---,0.000,0.010,25.6,61,0.00,640,5,100.0,30
6/10/26,4:30,18.4,18.8,18.4,89,16.6,0.0,---,0.00,0.0,---,18.4,19.1,19.1,---,1007.4,0.00,0.0,---,---,---,---,---,---,0.000,0.002,25.6,61,0.00,640,5,100.0,30
6/10/26,5:00,18.0,18.4,17.9,91,16.5,0.0,WNW,0.00,1.6,WNW,18.0,18.6,18.6,---,1006.9,0.00,0.0,---,---,---,---,---,---,0.007,0.000,25.5,61,0.00,640,5,100.0,30
6/10/26,5:30,17.6,17.9,17.6,91,16.1,0.0,---,0.00,0.0,---,17.6,18.1,18.1,---,1007.3,0.00,0.0,---,---,---,---,---,---,0.016,0.000,25.5,61,0.00,640,5,100.0,30
6/10/26,6:00,16.8,17.5,16.8,92,15.5,0.0,---,0.00,0.0,---,16.8,17.2,17.2,---,1007.6,0.00,0.0,---,---,---,---,---,---,0.032,0.000,25.4,61,0.00,640,5,100.0,30
6/10/26,6:30,16.2,16.8,16.2,92,14.9,0.0,---,0.00,0.0,---,16.2,16.4,16.4,---,1008.1,0.00,0.0,---,---,---,---,---,---,0.045,0.000,25.4,61,0.00,640,5,100.0,30
6/10/26,7:00,15.7,16.2,15.7,92,14.4,0.0,WNW,0.00,1.6,WNW,15.7,15.9,15.9,---,1008.4,0.00,0.0,---,---,---,---,---,---,0.056,0.000,25.3,64,0.00,640,5,100.0,30
6/10/26,7:30,15.7,15.7,15.6,93,14.6,0.0,---,0.00,0.0,---,15.7,16.0,16.0,---,1008.5,0.00,0.0,---,---,---,---,---,---,0.054,0.000,25.2,65,0.00,640,5,100.0,30
6/10/26,8:00,17.2,17.2,15.7,94,16.2,0.0,NE,0.00,3.2,NE,17.2,17.7,17.7,---,1008.8,0.00,0.0,---,---,---,---,---,---,0.024,0.000,25.2,62,0.00,640,5,100.0,30
6/10/26,8:30,18.4,18.4,17.2,92,17.1,0.0,NE,0.00,8.0,NE,18.4,19.2,19.2,---,1009.4,0.00,0.0,---,---,---,---,---,---,0.000,0.002,25.2,59,0.00,640,5,100.0,30
6/10/26,9:00,19.7,19.7,18.5,87,17.5,1.6,NE,0.80,6.4,NE,19.7,20.6,20.6,---,1009.7,0.00,0.0,---,---,---,---,---,---,0.000,0.029,25.3,60,0.00,640,5,100.0,30
6/10/26,9:30,21.2,21.2,19.7,82,18.0,1.6,NE,0.80,8.0,NE,21.2,22.0,22.0,---,1009.7,0.00,0.0,---,---,---,---,---,---,0.000,0.059,25.3,57,0.00,639,5,100.0,30
6/10/26,10:00,23.5,23.5,21.2,73,18.4,0.0,NE,0.00,6.4,NE,23.5,24.3,24.3,---,1009.6,0.00,0.0,---,---,---,---,---,---,0.000,0.108,25.2,57,0.00,639,5,100.0,30
6/10/26,10:30,24.7,24.7,23.5,68,18.4,3.2,NE,1.61,16.1,ENE,24.7,25.4,25.4,---,1009.3,0.00,0.0,---,---,---,---,---,---,0.000,0.133,25.3,59,0.00,640,5,100.0,30
6/10/26,11:00,25.9,25.9,24.8,64,18.6,4.8,NE,2.41,16.1,NE,25.9,26.7,26.7,---,1008.7,0.00,0.0,---,---,---,---,---,---,0.000,0.157,25.4,59,0.00,640,5,100.0,30
6/10/26,11:30,26.8,26.9,25.9,59,18.1,3.2,ENE,1.61,17.7,NE,26.8,27.4,27.4,---,1008.1,0.00,0.0,---,---,---,---,---,---,0.000,0.176,25.2,62,0.00,641,5,100.0,30
6/10/26,12:00,27.6,27.6,26.8,57,18.3,4.8,NE,2.41,17.7,NE,27.6,28.4,28.4,---,1007.8,0.00,0.0,---,---,---,---,---,---,0.000,0.193,24.4,52,0.00,640,5,100.0,30
6/10/26,12:30,28.2,28.3,27.6,55,18.3,4.8,NE,2.41,17.7,NNE,28.2,29.1,29.1,---,1007.1,0.00,0.0,---,---,---,---,---,---,0.000,0.205,24.6,57,0.00,640,5,100.0,30
6/10/26,13:00,28.9,29.1,28.2,53,18.3,4.8,NE,2.41,16.1,NE,28.9,29.9,29.9,---,1006.3,0.00,0.0,---,---,---,---,---,---,0.000,0.220,24.4,55,0.00,639,5,100.0,30
6/10/26,13:30,29.2,29.8,28.9,50,17.7,4.8,NE,2.41,17.7,NE,29.2,30.0,30.0,---,1005.4,0.00,0.0,---,---,---,---,---,---,0.000,0.227,24.2,54,0.00,639,5,100.0,30
6/10/26,14:00,29.6,29.7,28.9,50,18.0,6.4,ENE,3.22,20.9,NE,29.6,30.5,30.5,---,1004.5,0.00,0.0,---,---,---,---,---,---,0.000,0.234,24.7,65,0.00,640,5,100.0,30
6/10/26,14:30,28.8,29.7,28.8,51,17.7,4.8,ENE,2.41,16.1,NE,28.8,29.6,29.6,---,1003.7,0.00,0.0,---,---,---,---,---,---,0.000,0.219,24.9,58,0.00,640,5,100.0,30
6/10/26,15:00,28.5,28.8,28.5,52,17.7,6.4,NE,3.22,16.1,NNE,28.5,29.2,29.2,---,1003.1,0.00,0.0,---,---,---,---,---,---,0.000,0.212,24.4,52,0.00,639,5,100.0,30
6/10/26,15:30,28.3,28.6,28.3,53,17.8,4.8,NE,2.41,16.1,NE,28.3,29.1,29.1,---,1002.4,0.00,0.0,---,---,---,---,---,---,0.000,0.207,24.2,52,0.00,640,5,100.0,30
6/10/26,16:00,28.2,28.3,28.1,53,17.7,4.8,NE,2.41,12.9,ENE,28.2,28.9,28.9,---,1002.0,0.00,0.0,---,---,---,---,---,---,0.000,0.205,24.5,61,0.00,640,5,100.0,30
6/10/26,16:30,28.5,28.5,28.1,53,18.0,3.2,NE,1.61,14.5,NE,28.5,29.3,29.3,---,1001.7,0.00,0.0,---,---,---,---,---,---,0.000,0.212,24.7,61,0.00,639,5,100.0,30
6/10/26,17:00,28.3,28.5,28.3,52,17.5,6.4,NE,3.22,16.1,NE,28.3,28.9,28.9,---,1001.5,0.00,0.0,---,---,---,---,---,---,0.000,0.207,24.9,63,0.00,640,5,100.0,30
6/10/26,17:30,28.1,28.3,28.1,52,17.3,3.2,NE,1.61,11.3,NE,28.1,28.7,28.7,---,1001.6,0.00,0.0,---,---,---,---,---,---,0.000,0.204,25.0,62,0.00,640,5,100.0,30
6/10/26,18:00,27.9,28.2,27.9,55,18.1,1.6,NE,0.80,9.7,NE,27.9,28.8,28.8,---,1001.4,0.00,0.0,---,---,---,---,---,---,0.000,0.200,25.1,62,0.00,640,5,100.0,30
6/10/26,18:30,27.0,27.9,27.0,56,17.5,0.0,N,0.00,6.4,NE,27.0,27.6,27.6,---,1001.6,0.00,0.0,---,---,---,---,---,---,0.000,0.181,25.2,61,0.00,639,5,100.0,30
6/10/26,19:00,26.1,27.0,26.1,60,17.7,0.0,---,0.00,0.0,---,26.1,26.6,26.6,---,1001.7,0.00,0.0,---,---,---,---,---,---,0.000,0.162,25.3,61,0.00,640,5,100.0,30
6/10/26,19:30,24.9,26.1,24.9,64,17.6,0.0,---,0.00,0.0,---,24.9,25.4,25.4,---,1001.9,0.00,0.0,---,---,---,---,---,---,0.000,0.137,25.4,61,0.00,640,5,100.0,30
6/10/26,20:00,23.2,24.9,23.2,70,17.4,0.0,---,0.00,0.0,---,23.2,23.7,23.7,---,1002.0,0.00,0.0,---,---,---,---,---,---,0.000,0.101,25.4,61,0.00,640,5,100.0,30
6/10/26,20:30,21.7,23.2,21.7,75,17.1,0.0,---,0.00,0.0,---,21.7,22.2,22.2,---,1002.0,0.00,0.0,---,---,---,---,---,---,0.000,0.071,25.4,61,0.00,640,5,100.0,30
6/10/26,21:00,20.7,21.7,20.7,81,17.3,0.0,---,0.00,0.0,---,20.7,21.6,21.6,---,1002.2,0.00,0.0,---,---,---,---,---,---,0.000,0.050,25.5,60,0.00,640,5,100.0,30
6/10/26,21:30,20.6,20.8,20.4,82,17.4,0.0,---,0.00,0.0,---,20.6,21.5,21.5,---,1002.5,0.00,0.0,---,---,---,---,---,---,0.000,0.047,25.6,60,0.00,640,5,100.0,30
6/10/26,22:00,19.9,20.6,19.9,83,17.0,0.0,---,0.00,0.0,---,19.9,20.7,20.7,---,1002.7,0.00,0.0,---,---,---,---,---,---,0.000,0.034,25.6,60,0.00,640,5,100.0,30
6/10/26,22:30,20.7,20.7,19.8,82,17.5,0.0,ENE,0.00,3.2,ENE,20.7,21.6,21.6,---,1003.1,0.00,0.0,---,---,---,---,---,---,0.000,0.050,25.6,60,0.00,640,5,100.0,30
6/10/26,23:00,21.4,21.4,20.4,79,17.6,0.0,NE,0.00,4.8,NE,21.4,22.1,22.1,---,1003.4,0.00,0.0,---,---,---,---,---,---,0.000,0.064,25.6,60,0.00,639,5,100.0,30
6/10/26,23:30,21.3,21.7,21.3,79,17.5,0.0,NW,0.00,1.6,WNW,21.3,22.1,22.1,---,1003.1,0.00,0.0,---,---,---,---,---,---,0.000,0.063,25.6,60,0.00,639,5,100.0,30
7/10/26,00:00,22.3,22.3,21.3,75,17.7,0.0,---,0.00,0.0,---,22.3,22.9,22.9,---,1002.8,0.00,0.0,---,---,---,---,---,---,0.000,0.083,25.6,60,0.00,640,5,100.0,30
7/10/26,0:30,23.1,23.1,22.3,72,17.8,0.0,NE,0.00,1.6,NE,23.1,23.8,23.8,---,1002.5,0.00,0.0,---,---,---,---,---,---,0.000,0.100,25.7,60,0.00,639,5,100.0,30
7/10/26,1:00,21.7,23.1,21.7,76,17.3,0.0,---,0.00,0.0,---,21.7,22.3,22.3,---,1002.4,0.00,0.0,---,---,---,---,---,---,0.000,0.071,25.7,60,0.00,640,5,100.0,30
7/10/26,1:30,20.4,21.7,20.4,81,17.0,0.0,---,0.00,0.0,---,20.4,21.2,21.2,---,1002.3,0.00,0.0,---,---,---,---,---,---,0.000,0.043,25.7,60,0.00,640,5,100.0,30
7/10/26,2:00,19.8,20.4,19.8,83,16.8,0.0,WSW,0.00,1.6,WSW,19.8,20.4,20.4,---,1002.3,0.00,0.0,---,---,---,---,---,---,0.000,0.030,25.6,61,0.00,639,5,100.0,30
7/10/26,2:30,19.2,19.8,19.2,85,16.6,0.0,---,0.00,0.0,---,19.2,19.8,19.8,---,1002.1,0.00,0.0,---,---,---,---,---,---,0.000,0.017,25.6,61,0.00,640,5,100.0,30
7/10/26,3:00,19.2,19.2,19.0,88,17.1,0.0,---,0.00,0.0,---,19.2,19.9,19.9,---,1001.9,0.00,0.0,---,---,---,---,---,---,0.000,0.017,25.6,61,0.00,640,5,100.0,30
7/10/26,3:30,19.7,19.7,19.2,88,17.6,0.0,---,0.00,0.0,---,19.7,20.5,20.5,---,1001.6,0.00,0.0,---,---,---,---,---,---,0.000,0.028,25.6,61,0.00,640,5,100.0,30
7/10/26,4:00,20.0,20.0,19.7,87,17.8,0.0,---,0.00,0.0,---,20.0,20.9,20.9,---,1001.4,0.00,0.0,---,---,---,---,---,---,0.000,0.035,25.6,61,0.00,640,5,100.0,30
7/10/26,4:30,20.0,20.1,20.0,87,17.8,0.0,---,0.00,0.0,---,20.0,20.9,20.9,---,1001.4,0.00,0.0,---,---,---,---,---,---,0.000,0.035,25.6,61,0.00,640,5,100.0,30
7/10/26,5:00,19.7,20.0,19.7,88,17.6,0.0,---,0.00,0.0,---,19.7,20.5,20.5,---,1001.3,0.00,0.0,---,---,---,---,---,---,0.000,0.028,25.5,61,0.00,640,5,100.0,30
7/10/26,5:30,19.5,19.7,19.4,89,17.6,0.0,---,0.00,0.0,---,19.5,20.3,20.3,---,1001.4,0.00,0.0,---,---,---,---,---,---,0.000,0.024,25.5,62,0.00,639,5,100.0,30
7/10/26,6:00,19.0,19.5,19.0,89,17.1,0.0,---,0.00,0.0,---,19.0,19.7,19.7,---,1001.6,0.00,0.0,---,---,---,---,---,---,0.000,0.014,25.4,62,0.00,640,5,100.0,30
7/10/26,6:30,18.2,19.0,18.2,90,16.5,0.0,WNW,0.00,1.6,WNW,18.2,18.7,18.7,---,1002.0,0.00,0.0,---,---,---,---,---,---,0.003,0.000,25.4,62,0.00,639,5,100.0,30
7/10/26,7:00,17.6,18.2,17.6,91,16.1,0.0,---,0.00,0.0,---,17.6,18.1,18.1,---,1002.2,0.00,0.0,---,---,---,---,---,---,0.015,0.000,25.3,62,0.00,640,5,100.0,30
7/10/26,7:30,17.8,17.8,17.6,92,16.5,0.0,---,0.00,0.0,---,17.8,18.4,18.4,---,1002.5,0.00,0.0,---,---,---,---,---,---,0.010,0.000,25.3,62,0.00,639,5,100.0,30
7/10/26,8:00,19.5,19.5,17.8,93,18.3,0.0,---,0.00,0.0,---,19.5,20.4,20.4,---,1002.9,0.00,0.0,---,---,---,---,---,---,0.000,0.024,25.3,62,0.00,640,5,100.0,30
7/10/26,8:30,20.9,20.9,19.5,90,19.2,0.0,---,0.00,0.0,---,20.9,22.1,22.1,---,1003.0,0.00,0.0,---,---,---,---,---,---,0.000,0.053,25.3,62,0.00,640,5,100.0,30
7/10/26,9:00,22.8,22.8,20.9,84,19.9,0.0,ESE,0.00,1.6,NW,22.8,23.8,23.8,---,1002.9,0.00,0.0,---,---,---,---,---,---,0.000,0.093,25.3,62,0.00,640,5,100.0,30
7/10/26,9:30,24.2,24.2,22.8,78,20.1,0.0,ESE,0.00,6.4,ESE,24.2,25.3,25.3,---,1002.8,0.00,0.0,---,---,---,---,---,---,0.000,0.122,25.3,62,0.00,640,5,100.0,30
7/10/26,10:00,25.8,25.8,24.2,72,20.3,0.0,ESE,0.00,8.0,ESE,25.8,27.2,27.2,---,1002.5,0.00,0.0,---,---,---,---,---,---,0.000,0.155,25.3,62,0.00,640,5,100.0,30
7/10/26,10:30,26.9,26.9,25.7,68,20.5,0.0,ESE,0.00,8.0,ESE,26.9,28.7,28.7,---,1002.3,0.00,0.0,---,---,---,---,---,---,0.000,0.179,25.4,63,0.00,640,5,100.0,30
7/10/26,11:00,27.7,27.7,26.8,66,20.7,1.6,ESE,0.80,8.0,ENE,27.7,29.6,29.6,---,1001.8,0.00,0.0,---,---,---,---,---,---,0.000,0.194,25.4,63,0.00,640,5,100.0,30
7/10/26,11:30,28.4,28.4,27.7,63,20.7,1.6,NE,0.80,8.0,NE,28.4,30.6,30.6,---,1001.4,0.00,0.0,---,---,---,---,---,---,0.000,0.211,25.5,64,0.00,639,5,100.0,30
7/10/26,12:00,28.8,29.1,28.4,60,20.3,0.0,ESE,0.00,6.4,ENE,28.8,30.7,30.7,---,1000.7,0.00,0.0,---,---,---,---,---,---,0.000,0.219,25.6,64,0.00,640,5,100.0,30
7/10/26,12:30,30.4,30.4,28.8,58,21.2,1.6,NE,0.80,8.0,NE,30.4,33.4,33.4,---,1000.2,0.00,0.0,---,---,---,---,---,---,0.000,0.252,25.7,64,0.00,640,5,100.0,30
7/10/26,13:00,30.9,30.9,30.0,57,21.4,1.6,NE,0.80,11.3,NE,30.9,34.0,34.0,---,999.6,0.00,0.0,---,---,---,---,---,---,0.000,0.262,25.8,65,0.00,640,5,100.0,30
7/10/26,13:30,30.9,31.0,30.8,56,21.1,3.2,NE,1.61,12.9,NE,30.9,33.8,33.8,---,998.9,0.00,0.0,---,---,---,---,---,---,0.000,0.262,25.9,68,0.00,640,5,100.0,30
7/10/26,14:00,31.7,31.7,30.9,54,21.2,3.2,NE,1.61,12.9,NE,31.7,34.8,34.8,---,998.1,0.00,0.0,---,---,---,---,---,---,0.000,0.278,25.9,67,0.00,639,5,100.0,30
7/10/26,14:30,32.0,32.0,31.3,53,21.2,3.2,NE,1.61,14.5,ENE,32.0,35.2,35.2,---,997.3,0.00,0.0,---,---,---,---,---,---,0.000,0.285,26.1,67,0.00,640,5,100.0,30
7/10/26,15:00,32.1,32.3,31.8,51,20.7,4.8,NE,2.41,19.3,NE,32.1,34.9,34.9,---,996.7,0.00,0.0,---,---,---,---,---,---,0.000,0.287,26.2,69,0.00,640,5,100.0,30
7/10/26,15:30,32.2,32.2,31.8,53,21.4,6.4,NE,3.22,16.1,ENE,32.2,35.7,35.7,---,996.1,0.00,0.0,---,---,---,---,---,---,0.000,0.289,26.3,69,0.00,640,5,100.0,30
7/10/26,16:00,31.6,32.2,31.5,52,20.6,6.4,NE,3.22,17.7,NE,31.6,34.3,34.3,---,995.7,0.00,0.0,---,---,---,---,---,---,0.000,0.277,26.4,69,0.00,640,5,100.0,30
7/10/26,16:30,31.9,31.9,31.5,52,20.8,6.4,NE,3.22,16.1,NE,31.9,34.8,34.8,---,995.7,0.00,0.0,---,---,---,---,---,---,0.000,0.282,26.5,69,0.00,639,5,100.0,30
7/10/26,17:00,31.6,31.9,31.6,52,20.6,4.8,NE,2.41,14.5,NE,31.6,34.3,34.3,---,995.8,0.00,0.0,---,---,---,---,---,---,0.000,0.277,26.6,68,0.00,640,5,100.0,30
7/10/26,17:30,31.3,31.7,31.3,53,20.6,3.2,ENE,1.61,12.9,ENE,31.3,33.9,33.9,---,996.2,0.00,0.0,---,---,---,---,---,---,0.000,0.271,26.7,68,0.00,640,5,100.0,30
7/10/26,18:00,30.9,31.3,30.9,53,20.2,3.2,NE,1.61,12.9,NE,30.9,33.3,33.3,---,996.8,0.00,0.0,---,---,---,---,---,---,0.000,0.263,26.8,67,0.00,640,5,100.0,30
7/10/26,18:30,30.5,30.9,30.5,54,20.1,1.6,NE,0.80,8.0,ENE,30.5,32.7,32.7,---,997.4,0.00,0.0,---,---,---,---,---,---,0.000,0.253,26.8,66,0.00,640,5,100.0,30
7/10/26,19:00,29.5,30.5,29.5,57,20.1,0.0,NE,0.00,4.8,NE,29.5,31.4,31.4,---,997.9,0.00,0.0,---,---,---,---,---,---,0.000,0.233,26.9,65,0.00,640,5,100.0,30
7/10/26,19:30,27.4,29.5,27.4,66,20.5,0.0,---,0.00,0.0,---,27.4,29.2,29.2,---,998.5,0.00,0.0,---,---,---,---,---,---,0.000,0.189,26.9,65,0.00,640,5,100.0,30
7/10/26,20:00,25.8,27.4,25.8,71,20.1,0.0,---,0.00,0.0,---,25.8,27.1,27.1,---,999.2,0.00,0.0,---,---,---,---,---,---,0.000,0.155,27.0,64,0.00,639,5,100.0,30
7/10/26,20:30,25.1,25.7,25.1,73,19.9,0.0,WNW,0.00,1.6,WNW,25.1,26.3,26.3,---,999.6,0.00,0.0,---,---,---,---,---,---,0.000,0.141,27.1,64,0.00,640,5,100.0,30
7/10/26,21:00,25.1,25.3,25.1,75,20.3,0.0,---,0.00,0.0,---,25.1,26.3,26.3,---,1000.2,0.00,0.0,---,---,---,---,---,---,0.000,0.140,27.1,64,0.00,640,5,100.0,30
7/10/26,21:30,24.3,25.1,24.3,77,20.0,0.0,---,0.00,0.0,---,24.3,25.4,25.4,---,1000.5,0.00,0.0,---,---,---,---,---,---,0.000,0.125,27.2,64,0.00,639,5,100.0,30
7/10/26,22:00,24.5,24.6,24.3,77,20.2,0.0,---,0.00,0.0,---,24.5,25.7,25.7,---,1000.9,0.00,0.0,---,---,---,---,---,---,0.000,0.128,27.2,63,0.00,640,5,100.0,30
7/10/26,22:30,24.7,24.8,24.5,76,20.2,0.0,N,0.00,1.6,N,24.7,25.9,25.9,---,1001.1,0.00,0.0,---,---,---,---,---,---,0.000,0.133,27.3,63,0.00,639,5,100.0,30
7/10/26,23:00,25.1,25.1,24.7,76,20.6,0.0,ENE,0.00,1.6,E,25.1,26.4,26.4,---,1001.9,0.00,0.0,---,---,---,---,---,---,0.000,0.141,27.3,63,0.00,640,5,100.0,30
7/10/26,23:30,25.6,25.7,25.1,74,20.6,0.0,NE,0.00,4.8,ENE,25.6,27.0,27.0,---,1002.1,0.00,0.0,---,---,---,---,---,---,0.000,0.150,27.3,63,0.00,639,5,100.0,30
8/10/26,00:00,24.6,25.6,24.6,76,20.1,0.0,---,0.00,0.0,---,24.6,25.8,25.8,---,1002.2,0.00,0.0,---,---,---,---,---,---,0.000,0.131,27.3,63,0.00,640,5,100.0,30
8/10/26,0:30,23.8,24.6,23.8,78,19.7,0.0,WNW,0.00,3.2,WNW,23.8,24.8,24.8,---,1002.4,0.00,0.0,---,---,---,---,---,---,0.000,0.113,27.3,63,0.00,640,5,100.0,30
8/10/26,1:00,24.3,24.5,23.8,77,20.0,0.0,WNW,0.00,1.6,WNW,24.3,25.4,25.4,---,1002.2,0.00,0.0,---,---,---,---,---,---,0.000,0.125,27.3,63,0.00,639,5,100.0,30
8/10/26,1:30,23.8,24.3,23.8,78,19.7,0.0,---,0.00,0.0,---,23.8,24.8,24.8,---,1002.0,0.00,0.0,---,---,---,---,---,---,0.000,0.113,27.3,63,0.00,639,5,100.0,30
8/10/26,2:00,23.1,23.7,23.1,80,19.4,0.0,NNW,0.00,1.6,NNW,23.1,24.1,24.1,---,1001.8,0.00,0.0,---,---,---,---,---,---,0.000,0.098,27.3,63,0.00,640,5,100.0,30
8/10/26,2:30,22.6,23.1,22.6,82,19.3,0.0,---,0.00,0.0,---,22.6,23.5,23.5,---,1001.7,0.00,0.0,---,---,---,---,---,---,0.000,0.088,27.3,63,0.00,640,5,100.0,30
8/10/26,3:00,21.8,22.6,21.8,85,19.1,0.0,---,0.00,0.0,---,21.8,22.8,22.8,---,1001.6,0.00,0.0,---,---,---,---,---,---,0.000,0.072,27.3,63,0.00,640,5,100.0,30
8/10/26,3:30,21.4,21.8,21.4,86,18.9,0.0,---,0.00,0.0,---,21.4,22.4,22.4,---,1001.2,0.00,0.0,---,---,---,---,---,---,0.000,0.064,27.3,63,0.00,640,5,100.0,30
8/10/26,4:00,20.7,21.4,20.7,87,18.5,0.0,---,0.00,0.0,---,20.7,21.8,21.8,---,1001.1,0.00,0.0,---,---,---,---,---,---,0.000,0.050,27.3,63,0.00,640,5,100.0,30
8/10/26,4:30,20.2,20.7,20.2,89,18.3,0.0,---,0.00,0.0,---,20.2,21.2,21.2,---,1001.3,0.00,0.0,---,---,---,---,---,---,0.000,0.038,27.2,63,0.00,640,5,100.0,30
8/10/26,5:00,19.7,20.2,19.7,90,18.0,0.0,---,0.00,0.0,---,19.7,20.7,20.7,---,1001.1,0.00,0.0,---,---,---,---,---,---,0.000,0.029,27.2,63,0.00,639,5,100.0,30
8/10/26,5:30,20.4,20.4,19.7,89,18.6,0.0,W,0.00,1.6,NW,20.4,21.6,21.6,---,1001.8,0.00,0.0,---,---,---,---,---,---,0.000,0.044,27.2,63,0.00,640,5,100.0,30
8/10/26,6:00,20.7,20.7,20.4,88,18.6,0.0,---,0.00,0.0,---,20.7,21.8,21.8,---,1002.2,0.00,0.0,---,---,---,---,---,---,0.000,0.049,27.1,63,0.00,639,5,100.0,30
8/10/26,6:30,20.7,20.7,20.6,89,18.8,0.0,WNW,0.00,1.6,WNW,20.7,21.8,21.8,---,1003.2,0.00,0.0,---,---,---,---,---,---,0.000,0.049,27.1,63,0.00,640,5,100.0,30
8/10/26,7:00,21.5,21.5,20.7,85,18.9,0.0,WSW,0.00,3.2,WSW,21.5,22.5,22.5,---,1003.6,0.00,0.0,---,---,---,---,---,---,0.000,0.066,27.1,67,0.00,640,5,100.0,30
8/10/26,7:30,21.9,21.9,21.4,84,19.1,0.0,SW,0.00,1.6,SW,21.9,22.8,22.8,---,1004.0,0.00,0.0,---,---,---,---,---,---,0.000,0.074,27.0,69,0.00,640,5,100.0,30
8/10/26,8:00,23.1,23.1,21.8,81,19.7,0.0,ENE,0.00,1.6,NW,23.1,24.2,24.2,---,1004.6,0.00,0.0,---,---,---,---,---,---,0.000,0.100,26.9,62,0.00,640,5,100.0,30
8/10/26,8:30,24.3,24.3,23.1,76,19.8,0.0,ESE,0.00,1.6,SE,24.3,25.3,25.3,---,1005.1,0.00,0.0,---,---,---,---,---,---,0.000,0.124,26.9,57,0.00,640,5,100.0,30
8/10/26,9:00,24.8,24.8,24.3,73,19.7,0.0,SW,0.00,3.2,SW,24.8,25.9,25.9,---,1005.8,0.00,0.0,---,---,---,---,---,---,0.000,0.135,26.8,58,0.00,640,5,100.0,30
8/10/26,9:30,26.6,26.6,24.8,71,20.9,0.0,WNW,0.00,1.6,WNW,26.6,28.3,28.3,---,1005.9,0.00,0.0,---,---,---,---,---,---,0.000,0.171,26.8,60,0.00,640,5,100.0,30
8/10/26,10:00,28.6,28.6,26.6,62,20.6,0.0,ESE,0.00,3.2,ESE,28.6,30.7,30.7,---,1005.9,0.00,0.0,---,---,---,---,---,---,0.000,0.214,26.8,60,0.00,640,5,100.0,30
8/10/26,10:30,30.2,30.2,28.7,58,21.0,1.6,NE,0.80,8.0,NE,30.2,32.9,32.9,---,1005.9,0.00,0.0,---,---,---,---,---,---,0.000,0.248,26.8,63,0.00,640,5,100.0,30
8/10/26,11:00,30.9,31.4,30.2,55,20.8,1.6,NE,0.80,9.7,NE,30.9,33.6,33.6,---,1005.6,0.00,0.0,---,---,---,---,---,---,0.000,0.262,26.9,65,0.00,640,5,100.0,30
8/10/26,11:30,29.9,30.9,29.9,56,20.2,1.6,NE,0.80,8.0,NE,29.9,31.9,31.9,---,1005.2,0.00,0.0,---,---,---,---,---,---,0.000,0.241,26.9,65,0.00,640,5,100.0,30
8/10/26,12:00,30.6,30.9,29.9,54,20.2,1.6,NE,0.80,8.0,ENE,30.6,32.8,32.8,---,1004.9,0.00,0.0,---,---,---,---,---,---,0.000,0.255,27.0,65,0.00,640,5,100.0,30
8/10/26,12:30,31.7,31.7,30.4,53,20.9,1.6,NE,0.80,14.5,NE,31.7,34.6,34.6,---,1004.4,0.00,0.0,---,---,---,---,---,---,0.000,0.278,27.1,65,0.00,640,5,100.0,30
8/10/26,13:00,31.9,31.9,31.3,52,20.8,1.6,ESE,0.80,11.3,NE,31.9,34.8,34.8,---,1004.0,0.00,0.0,---,---,---,---,---,---,0.000,0.282,27.1,64,0.00,640,5,100.0,30
8/10/26,13:30,31.9,32.8,31.9,48,19.5,3.2,ESE,1.61,16.1,NE,31.9,33.8,33.8,---,1003.8,0.00,0.0,---,---,---,---,---,---,0.000,0.282,27.1,64,0.00,640,5,100.0,30
8/10/26,14:00,30.9,31.9,30.9,50,19.3,1.6,ESE,0.80,12.9,NE,30.9,32.6,32.6,---,1003.5,0.00,0.0,---,---,---,---,---,---,0.000,0.263,27.2,64,0.00,640,5,100.0,30
8/10/26,14:30,31.0,31.0,30.6,50,19.4,1.6,ESE,0.80,14.5,ESE,31.0,32.7,32.7,---,1003.1,0.00,0.0,---,---,---,---,---,---,0.000,0.264,27.1,57,0.00,640,5,100.0,30
8/10/26,15:00,31.8,32.2,31.0,47,19.1,4.8,ESE,2.41,17.7,ESE,31.8,33.4,33.4,---,1002.8,0.00,0.0,---,---,---,---,---,---,0.000,0.280,27.0,53,0.00,640,5,100.0,30
8/10/26,15:30,31.6,32.5,31.6,47,18.9,1.6,ESE,0.80,11.3,SE,31.6,33.2,33.2,---,1002.4,0.00,0.0,---,---,---,---,---,---,0.000,0.277,26.9,51,0.00,640,5,100.0,30
8/10/26,16:00,30.1,31.6,30.0,51,18.8,3.2,ESE,1.61,17.7,ESE,30.1,31.4,31.4,---,1002.3,0.00,0.0,---,---,---,---,---,---,0.000,0.244,27.2,54,0.00,640,5,100.0,30
8/10/26,16:30,29.3,30.1,29.3,52,18.5,1.6,ESE,0.80,11.3,ESE,29.3,30.4,30.4,---,1002.6,0.00,0.0,---,---,---,---,---,---,0.000,0.229,27.3,56,0.00,640,5,100.0,30
8/10/26,17:00,28.2,29.3,28.2,55,18.3,3.2,ESE,1.61,16.1,ESE,28.2,29.2,29.2,---,1002.8,0.00,0.0,---,---,---,---,---,---,0.000,0.206,27.3,57,0.00,640,5,100.0,30
8/10/26,17:30,27.6,28.2,27.6,56,18.0,1.6,SE,0.80,12.9,SE,27.6,28.3,28.3,---,1003.6,0.00,0.0,---,---,---,---,---,---,0.000,0.192,27.3,58,0.00,640,5,100.0,30
8/10/26,18:00,26.9,27.6,26.9,57,17.7,1.6,ESE,0.80,9.7,SSE,26.9,27.5,27.5,---,1003.8,0.00,0.0,---,---,---,---,---,---,0.000,0.178,27.4,58,0.00,640,5,100.0,30
8/10/26,18:30,26.1,26.9,26.1,59,17.4,0.0,ENE,0.00,4.8,ENE,26.1,26.5,26.5,---,1004.3,0.00,0.0,---,---,---,---,---,---,0.000,0.161,27.4,59,0.00,639,5,100.0,30
8/10/26,19:00,24.9,26.1,24.9,62,17.2,0.0,ENE,0.00,6.4,NE,24.9,25.3,25.3,---,1005.0,0.00,0.0,---,---,---,---,---,---,0.000,0.138,27.4,59,0.00,640,5,100.0,30
8/10/26,19:30,24.3,24.9,24.3,64,17.0,1.6,ENE,0.80,4.8,ENE,24.3,24.7,24.7,---,1005.9,0.00,0.0,---,---,---,---,---,---,0.000,0.124,27.4,59,0.00,640,5,100.0,30
8/10/26,20:00,23.6,24.3,23.6,65,16.6,1.6,NE,0.80,8.0,NE,23.6,24.1,24.1,---,1006.9,0.00,0.0,---,---,---,---,---,---,0.000,0.110,27.4,59,0.00,640,5,100.0,30
8/10/26,20:30,22.8,23.6,22.8,67,16.3,3.2,NE,1.61,11.3,ENE,22.8,23.2,23.2,---,1007.7,0.00,0.0,---,---,---,---,---,---,0.000,0.093,27.4,59,0.00,639,5,100.0,30
8/10/26,21:00,22.1,22.8,22.1,69,16.2,1.6,NE,0.80,8.0,NE,22.1,22.4,22.4,---,1008.3,0.00,0.0,---,---,---,---,---,---,0.000,0.079,27.4,58,0.00,640,5,100.0,30
8/10/26,21:30,21.6,22.1,21.6,70,15.9,3.2,NE,1.61,9.7,NE,21.6,21.8,21.8,---,1008.5,0.00,0.0,---,---,---,---,---,---,0.000,0.068,27.4,58,0.00,640,5,100.0,30
8/10/26,22:00,20.8,21.6,20.8,75,16.2,1.6,N,0.80,8.0,NE,20.8,21.3,21.3,---,1009.4,0.00,0.0,---,---,---,---,---,---,0.000,0.052,27.4,58,0.00,640,5,100.0,30
8/10/26,22:30,20.1,20.8,20.1,78,16.2,0.0,N,0.00,4.8,NNW,20.1,20.7,20.7,---,1010.0,0.00,0.0,---,---,---,---,---,---,0.000,0.037,27.4,58,0.00,640,5,100.0,30
8/10/26,23:00,19.9,20.1,19.9,80,16.3,0.0,N,0.00,4.8,N,19.9,20.5,20.5,---,1010.4,0.00,0.0,---,---,---,---,---,---,0.000,0.032,27.3,58,0.00,640,5,100.0,30
8/10/26,23:30,19.7,19.9,19.7,82,16.6,0.0,N,0.00,4.8,N,19.7,20.4,20.4,---,1010.2,0.00,0.0,---,---,---,---,---,---,0.000,0.029,27.3,58,0.00,640,5,100.0,30
9/10/26,00:00,19.3,19.8,19.3,82,16.1,3.2,NE,1.61,8.0,NE,19.3,19.8,19.8,---,1010.7,0.00,0.0,---,---,---,---,---,---,0.000,0.020,27.3,58,0.00,639,5,100.0,30
9/10/26,0:30,19.3,19.3,19.2,84,16.5,1.6,NE,0.80,6.4,NE,19.3,19.9,19.9,---,1010.6,0.00,0.0,---,---,---,---,---,---,0.000,0.020,27.2,59,0.00,639,5,100.0,30
9/10/26,1:00,19.1,19.3,19.0,82,15.9,3.2,NE,1.61,12.9,NE,19.1,19.6,19.6,---,1010.9,0.00,0.0,---,---,---,---,---,---,0.000,0.015,27.2,58,0.00,640,5,100.0,30
9/10/26,1:30,18.8,19.0,18.8,81,15.5,1.6,NE,0.80,9.7,ENE,18.8,19.3,19.3,---,1010.9,0.00,0.0,---,---,---,---,---,---,0.000,0.010,27.1,58,0.00,640,5,100.0,30
9/10/26,2:00,18.6,18.8,18.6,82,15.5,3.2,NE,1.61,9.7,NE,18.6,19.0,19.0,---,1010.9,0.00,0.0,---,---,---,---,---,---,0.000,0.006,27.0,58,0.00,639,5,100.0,30
9/10/26,2:30,18.4,18.6,18.4,83,15.5,3.2,NE,1.61,9.7,ENE,18.4,18.8,18.8,---,1010.9,0.00,0.0,---,---,---,---,---,---,0.000,0.002,26.9,58,0.00,640,5,100.0,30
9/10/26,3:00,18.1,18.4,18.1,85,15.5,1.6,NE,0.80,8.0,NE,18.1,18.4,18.4,---,1011.0,0.00,0.0,---,---,---,---,---,---,0.005,0.000,26.9,58,0.00,640,5,100.0,30
9/10/26,3:30,17.6,18.1,17.6,87,15.4,0.0,NE,0.00,4.8,ENE,17.6,17.9,17.9,---,1010.9,0.00,0.0,---,---,---,---,---,---,0.015,0.000,26.8,58,0.00,640,5,100.0,30
9/10/26,4:00,17.3,17.6,17.3,90,15.6,0.0,NE,0.00,8.0,NE,17.3,17.7,17.7,---,1010.7,0.20,0.0,---,---,---,---,---,---,0.022,0.000,26.8,58,0.00,640,5,100.0,30
9/10/26,4:30,17.2,17.3,17.2,91,15.7,0.0,NE,0.00,3.2,NE,17.2,17.7,17.7,---,1010.3,0.00,0.0,---,---,---,---,---,---,0.023,0.000,26.7,59,0.00,640,5,100.0,30
9/10/26,5:00,17.1,17.2,17.1,92,15.7,0.0,---,0.00,0.0,---,17.1,17.5,17.5,---,1010.2,0.20,0.0,---,---,---,---,---,---,0.027,0.000,26.7,59,0.00,640,5,100.0,30
9/10/26,5:30,17.1,17.2,17.1,92,15.8,0.0,NE,0.00,1.6,NE,17.1,17.6,17.6,---,1010.2,0.00,0.0,---,---,---,---,---,---,0.025,0.000,26.6,59,0.00,640,5,100.0,30
9/10/26,6:00,17.2,17.3,17.1,92,15.9,0.0,---,0.00,0.0,---,17.2,17.7,17.7,---,1010.6,0.00,0.0,---,---,---,---,---,---,0.023,0.000,26.5,59,0.00,640,5,100.0,30
9/10/26,6:30,17.2,17.2,17.2,92,15.9,0.0,---,0.00,0.0,---,17.2,17.7,17.7,---,1011.2,0.00,0.0,---,---,---,---,---,---,0.023,0.000,26.4,60,0.00,639,5,100.0,30
9/10/26,7:00,17.2,17.2,17.2,92,15.9,0.0,ESE,0.00,3.2,SE,17.2,17.6,17.6,---,1011.7,0.00,0.0,---,---,---,---,---,---,0.024,0.000,26.4,63,0.00,639,5,100.0,30
9/10/26,7:30,17.1,17.2,17.1,93,15.9,0.0,ESE,0.00,3.2,ESE,17.1,17.5,17.5,---,1012.0,0.00,0.0,---,---,---,---,---,---,0.027,0.000,26.3,66,0.00,640,5,100.0,30
9/10/26,8:00,16.9,17.1,16.9,93,15.8,1.6,NE,0.80,6.4,ENE,16.9,17.4,17.4,---,1012.3,0.40,1.0,---,---,---,---,---,---,0.029,0.000,26.3,63,0.00,640,5,100.0,30
9/10/26,8:30,16.7,16.9,16.7,93,15.5,0.0,NE,0.00,4.8,NE,16.7,17.1,17.1,---,1012.5,0.20,0.8,---,---,---,---,---,---,0.035,0.000,25.6,59,0.00,640,5,100.0,30
9/10/26,9:00,16.6,16.7,16.6,93,15.5,0.0,ESE,0.00,3.2,ESE,16.6,17.0,17.0,---,1012.6,0.00,0.0,---,---,---,---,---,---,0.036,0.000,25.7,58,0.00,640,5,100.0,30
9/10/26,9:30,16.8,16.8,16.6,93,15.6,0.0,---,0.00,0.0,---,16.8,17.2,17.2,---,1013.1,0.00,0.0,---,---,---,---,---,---,0.032,0.000,25.6,55,0.00,640,5,100.0,30
9/10/26,10:00,16.9,16.9,16.8,93,15.8,0.0,---,0.00,0.0,---,16.9,17.4,17.4,---,1013.4,0.00,0.0,---,---,---,---,---,---,0.029,0.000,25.6,54,0.00,640,5,100.0,30
9/10/26,10:30,17.2,17.2,16.9,92,15.9,0.0,NE,0.00,3.2,NE,17.2,17.6,17.6,---,1013.4,0.20,0.0,---,---,---,---,---,---,0.024,0.000,25.4,54,0.00,640,5,100.0,30
9/10/26,11:00,17.1,17.2,16.9,92,15.7,0.0,---,0.00,0.0,---,17.1,17.5,17.5,---,1013.3,0.20,0.8,---,---,---,---,---,---,0.027,0.000,25.3,52,0.00,640,5,100.0,30
9/10/26,11:30,17.0,17.2,17.0,92,15.7,0.0,NE,0.00,6.4,NE,17.0,17.4,17.4,---,1013.4,0.20,0.0,---,---,---,---,---,---,0.028,0.000,25.2,56,0.00,640,5,100.0,30
9/10/26,12:00,17.2,17.2,16.9,92,15.9,1.6,ENE,0.80,6.4,NE,17.2,17.6,17.6,---,1013.3,0.20,0.0,---,---,---,---,---,---,0.024,0.000,25.2,58,0.00,640,5,100.0,30
9/10/26,12:30,17.2,17.3,17.0,93,16.1,4.8,NE,2.41,11.3,NE,17.2,17.7,17.7,---,1012.8,0.20,0.0,---,---,---,---,---,---,0.023,0.000,25.2,57,0.00,640,5,100.0,30
9/10/26,13:00,17.4,17.4,17.2,92,16.1,4.8,NE,2.41,11.3,NE,17.4,17.9,17.9,---,1012.2,0.00,0.0,---,---,---,---,---,---,0.019,0.000,25.2,58,0.00,639,5,100.0,30
9/10/26,13:30,17.9,17.9,17.4,90,16.2,1.6,NE,0.80,11.3,NE,17.9,18.4,18.4,---,1011.3,0.00,0.0,---,---,---,---,---,---,0.009,0.000,25.2,57,0.00,638,5,100.0,30
9/10/26,14:00,18.2,18.2,17.9,87,16.0,1.6,ENE,0.80,9.7,ENE,18.2,18.6,18.6,---,1010.5,0.00,0.0,---,---,---,---,---,---,0.003,0.000,25.1,58,0.00,640,5,100.0,30
9/10/26,14:30,18.9,18.9,18.2,84,16.1,1.6,NE,0.80,9.7,NNE,18.9,19.4,19.4,---,1009.9,0.00,0.0,---,---,---,---,---,---,0.000,0.012,25.1,53,0.00,640,5,100.0,30
9/10/26,15:00,19.6,19.6,18.9,81,16.2,1.6,NE,0.80,11.3,NE,19.6,20.2,20.2,---,1009.0,0.00,0.0,---,---,---,---,---,---,0.000,0.025,25.0,59,0.00,639,5,100.0,30
9/10/26,15:30,20.7,20.7,19.6,77,16.5,1.6,NE,0.80,8.0,NE,20.7,21.3,21.3,---,1008.8,0.00,0.0,---,---,---,---,---,---,0.000,0.049,25.0,59,0.00,640,5,100.0,30
9/10/26,16:00,20.7,21.1,20.7,77,16.5,0.0,NE,0.00,3.2,NE,20.7,21.3,21.3,---,1008.6,0.00,0.0,---,---,---,---,---,---,0.000,0.049,24.8,57,0.00,639,5,100.0,30
9/10/26,16:30,20.7,20.7,20.5,78,16.7,0.0,W,0.00,4.8,W,20.7,21.3,21.3,---,1008.2,0.00,0.0,---,---,---,---,---,---,0.000,0.049,24.9,59,0.00,640,5,100.0,30
9/10/26,17:00,21.6,21.6,20.7,76,17.1,0.0,WNW,0.00,3.2,WNW,21.6,22.1,22.1,---,1008.1,0.00,0.0,---,---,---,---,---,---,0.000,0.067,24.9,59,0.00,639,5,100.0,30
9/10/26,17:30,22.0,22.0,21.6,71,16.5,0.0,WNW,0.00,3.2,WNW,22.0,22.3,22.3,---,1008.3,0.00,0.0,---,---,---,---,---,---,0.000,0.076,25.0,60,0.00,640,5,100.0,30
9/10/26,18:00,22.2,22.3,22.0,69,16.2,0.0,---,0.00,0.0,---,22.2,22.4,22.4,---,1008.6,0.00,0.0,---,---,---,---,---,---,0.000,0.080,25.0,60,0.00,640,5,100.0,30
9/10/26,18:30,21.8,22.2,21.8,72,16.5,0.0,---,0.00,0.0,---,21.8,22.1,22.1,---,1009.5,0.00,0.0,---,---,---,---,---,---,0.000,0.072,25.0,60,0.00,640,5,100.0,30
9/10/26,19:00,21.1,21.8,21.1,71,15.6,0.0,ENE,0.00,6.4,NE,21.1,21.3,21.3,---,1010.5,0.00,0.0,---,---,---,---,---,---,0.000,0.058,24.9,61,0.00,640,5,100.0,30
9/10/26,19:30,20.4,21.1,20.4,71,15.0,0.0,ENE,0.00,8.0,NE,20.4,20.7,20.7,---,1011.7,0.00,0.0,---,---,---,---,---,---,0.000,0.044,24.9,61,0.00,640,5,100.0,30
9/10/26,20:00,19.7,20.4,19.7,74,14.9,0.0,ENE,0.00,4.8,NE,19.7,19.9,19.9,---,1012.9,0.00,0.0,---,---,---,---,---,---,0.000,0.028,24.9,61,0.00,639,5,100.0,30
9/10/26,20:30,19.2,19.7,19.2,75,14.7,0.0,ENE,0.00,8.0,ENE,19.2,19.4,19.4,---,1014.0,0.00,0.0,---,---,---,---,---,---,0.000,0.019,24.9,60,0.00,640,5,100.0,30
9/10/26,21:00,18.4,19.2,18.4,77,14.3,1.6,SE,0.80,14.5,ESE,18.4,18.6,18.6,---,1014.8,0.00,0.0,---,---,---,---,---,---,0.000,0.001,24.8,60,0.00,640,5,100.0,30
9/10/26,21:30,17.6,18.4,17.6,79,13.9,0.0,ENE,0.00,4.8,ENE,17.6,17.7,17.7,---,1015.6,0.00,0.0,---,---,---,---,---,---,0.016,0.000,24.8,60,0.00,640,5,100.0,30
9/10/26,22:00,16.9,17.6,16.9,81,13.7,1.6,ENE,0.80,9.7,NE,16.9,17.1,17.1,---,1016.2,0.00,0.0,---,---,---,---,---,---,0.029,0.000,24.8,60,0.00,640,5,100.0,30
9/10/26,22:30,16.3,16.9,16.3,84,13.6,1.6,NE,0.80,6.4,NE,16.3,16.4,16.4,---,1016.6,0.00,0.0,---,---,---,---,---,---,0.042,0.000,24.7,60,0.00,640,5,100.0,30
9/10/26,23:00,16.4,16.4,16.3,81,13.2,3.2,NE,1.61,9.7,NE,16.4,16.4,16.4,---,1016.6,0.00,0.0,---,---,---,---,---,---,0.039,0.000,24.7,59,0.00,640,5,100.0,30
9/10/26,23:30,16.3,16.5,16.3,81,13.1,0.0,NE,0.00,4.8,NE,16.3,16.3,16.3,---,1016.6,0.00,0.0,---,---,---,---,---,---,0.042,0.000,24.6,59,0.00,639,5,100.0,30
10/10/26,00:00,16.1,16.3,16.1,82,13.0,0.0,N,0.00,6.4,N,16.1,16.1,16.1,---,1016.6,0.00,0.0,---,---,---,---,---,---,0.046,0.000,24.6,59,0.00,640,5,100.0,30
10/10/26,0:30,16.0,16.1,16.0,82,12.9,0.0,N,0.00,4.8,N,16.0,16.0,16.0,---,1016.3,0.00,0.0,---,---,---,---,---,---,0.049,0.000,24.5,59,0.00,640,5,100.0,30
10/10/26,1:00,16.0,16.0,15.9,82,12.9,0.0,N,0.00,1.6,N,16.0,16.0,16.0,---,1016.7,0.00,0.0,---,---,---,---,---,---,0.049,0.000,24.4,59,0.00,640,5,100.0,30
10/10/26,1:30,16.0,16.0,15.9,83,13.1,0.0,NE,0.00,3.2,ENE,16.0,16.0,16.0,---,1016.7,0.00,0.0,---,---,---,---,---,---,0.049,0.000,24.4,59,0.00,640,5,100.0,30
10/10/26,2:00,15.9,16.1,15.9,84,13.2,0.0,NE,0.00,4.8,NE,15.9,15.9,15.9,---,1016.9,0.00,0.0,---,---,---,---,---,---,0.050,0.000,24.4,59,0.00,640,5,100.0,30
